{
    "relations": [
        {
            "name": ["lenses", "flattened_titles"],
            "baseRelation": ["workers"],
            "flattenedColumn": {
                "name": "titles",
                "datatype": "STRING[]"
            },
            "columns": {
                "kept": [
                    "worker_id"
                ],
                "new": "title",
                "position": "index"
            },
            "type": "FlattenLens"
        },
        {
            "name": ["lenses", "flattened_ratings"],
            "baseRelation": ["museums"],
            "flattenedColumn": {
                "name": "ratings",
                "datatype": "FLOAT[]"
            },
            "columns": {
                "kept": [
                    "museum_id"
                ],
                "new": "rating"
            },
            "type": "FlattenLens"
        }
    ]
}