{
    "relations": [
        {
            "name": ["lenses", "historical_exhibits_extended"],
            "baseRelation": ["historical_exhibits"],
            "columns": {
                "added": [
                    {
                        "name": "artist_name",
                        "expression": "'None'"
                    }
                ],
                "hidden": []
            },
            "type": "BasicLens"
        },
        {
            "name": ["lenses", "nature_exhibits_extended"],
            "baseRelation": ["nature_exhibits"],
            "columns": {
                "added": [
                    {
                        "name": "artist_name",
                        "expression": "'None'"
                    }
                ],
                "hidden": []
            },
            "type": "BasicLens"
        },
        {
            "name": ["lenses", "all_exhibits"],
            "unionRelations": [
                ["lenses", "historical_exhibits_extended"],
                ["lenses", "nature_exhibits_extended"],
                ["art_exhibits"]
            ],
            "provenanceColumn": "exhibit_type",
            "type": "UnionLens"
        }
    ]
}